row_number_in_csv_including_header,date_raw,parsed_date,rule,severity,message,open,high,low,close,volume_kg
7,7/11/2002,2002-11-07,weekday_gap,warning,与上一交易日相隔 2 个日历日，其间有 1 个工作日缺失（可能为交易所假期或抓取缺口）。,85,85.15,85,85.13,26
39,24/12/2002,2002-12-24,weekday_gap,warning,与上一交易日相隔 4 个日历日，其间有 1 个工作日缺失（可能为交易所假期或抓取缺口）。,93.65,93.65,92.9,93.09,94
40,26/12/2002,2002-12-26,weekday_gap,warning,与上一交易日相隔 2 个日历日，其间有 1 个工作日缺失（可能为交易所假期或抓取缺口）。,92.55,93.08,92.55,93.01,71
44,2/1/2003,2003-01-02,weekday_gap,warning,与上一交易日相隔 2 个日历日，其间有 1 个工作日缺失（可能为交易所假期或抓取缺口）。,93,93,92.8,92.87,201
64,10/2/2003,2003-02-10,weekday_gap,warning,与上一交易日相隔 12 个日历日，其间有 7 个工作日缺失（可能为交易所假期或抓取缺口）。,98.5,99.4,98.5,99.06,427
122,6/5/2003,2003-05-06,weekday_gap,warning,与上一交易日相隔 6 个日历日，其间有 3 个工作日缺失（可能为交易所假期或抓取缺口）。,90.8,91.05,90.8,90.98,49
154,20/6/2003,2003-06-20,weekday_gap,warning,与上一交易日相隔 2 个日历日，其间有 1 个工作日缺失（可能为交易所假期或抓取缺口）。,96.19,96.19,95.9,95.91,31
213,12/9/2003,2003-09-12,weekday_gap,warning,与上一交易日相隔 2 个日历日，其间有 1 个工作日缺失（可能为交易所假期或抓取缺口）。,100.98,100.98,100.69,100.83,86
224,30/9/2003,2003-09-30,weekday_gap,warning,与上一交易日相隔 4 个日历日，其间有 1 个工作日缺失（可能为交易所假期或抓取缺口）。,101.98,102.05,101.9,101.98,139
225,8/10/2003,2003-10-08,weekday_gap,warning,与上一交易日相隔 8 个日历日，其间有 5 个工作日缺失（可能为交易所假期或抓取缺口）。,100.59,100.68,100.45,100.47,208
286,2/1/2004,2004-01-02,weekday_gap,warning,与上一交易日相隔 2 个日历日，其间有 1 个工作日缺失（可能为交易所假期或抓取缺口）。,111,111.19,111,111.18,50
299,29/1/2004,2004-01-29,weekday_gap,warning,与上一交易日相隔 11 个日历日，其间有 7 个工作日缺失（可能为交易所假期或抓取缺口）。,109.65,109.69,109.44,109.65,75
366,8/5/2004,2004-05-08,weekday_gap,warning,与上一交易日相隔 8 个日历日，其间有 5 个工作日缺失（可能为交易所假期或抓取缺口）。,102.3,103.48,102.3,103.25,96
402,28/6/2004,2004-06-28,weekday_gap,warning,与上一交易日相隔 4 个日历日，其间有 1 个工作日缺失（可能为交易所假期或抓取缺口）。,106.5,106.5,106.27,106.29,213
471,8/10/2004,2004-10-08,weekday_gap,warning,与上一交易日相隔 8 个日历日，其间有 5 个工作日缺失（可能为交易所假期或抓取缺口）。,110.59,110.59,110,110.4,336
532,4/1/2005,2005-01-04,weekday_gap,warning,与上一交易日相隔 4 个日历日，其间有 1 个工作日缺失（可能为交易所假期或抓取缺口）。,115.09,115.09,114.8,114.87,1313
556,16/2/2005,2005-02-16,weekday_gap,warning,与上一交易日相隔 12 个日历日，其间有 7 个工作日缺失（可能为交易所假期或抓取缺口）。,113.19,113.25,113.01,113.04,301
609,9/5/2005,2005-05-09,weekday_gap,warning,与上一交易日相隔 10 个日历日，其间有 5 个工作日缺失（可能为交易所假期或抓取缺口）。,114.5,114.5,113.8,113.86,827
714,10/10/2005,2005-10-10,weekday_gap,warning,与上一交易日相隔 10 个日历日，其间有 5 个工作日缺失（可能为交易所假期或抓取缺口）。,122.65,123.3,122.5,123,831
774,4/1/2006,2006-01-04,weekday_gap,warning,与上一交易日相隔 5 个日历日，其间有 2 个工作日缺失（可能为交易所假期或抓取缺口）。,138.19,138.64,138.19,138.21,609
969,9/10/2006,2006-10-09,weekday_gap,warning,与上一交易日相隔 10 个日历日，其间有 5 个工作日缺失（可能为交易所假期或抓取缺口）。,148.17,148.3,147.6,148.05,1475
1029,3/1/2007,2007-01-03,weekday_gap,warning,与上一交易日相隔 5 个日历日，其间有 2 个工作日缺失（可能为交易所假期或抓取缺口）。,158.6,159.44,158.6,159.35,903
1062,26/2/2007,2007-02-26,weekday_gap,warning,与上一交易日相隔 10 个日历日，其间有 5 个工作日缺失（可能为交易所假期或抓取缺口）。,170.5,170.85,170.35,170.69,964
1108,8/5/2007,2007-05-08,weekday_gap,warning,与上一交易日相隔 8 个日历日，其间有 5 个工作日缺失（可能为交易所假期或抓取缺口）。,171.97,171.97,169.97,170.02,646
1212,8/10/2007,2007-10-08,weekday_gap,warning,与上一交易日相隔 10 个日历日，其间有 5 个工作日缺失（可能为交易所假期或抓取缺口）。,179.49,179.49,178.39,178.41,1109
1272,2/1/2008,2008-01-02,weekday_gap,warning,与上一交易日相隔 5 个日历日，其间有 2 个工作日缺失（可能为交易所假期或抓取缺口）。,195.02,196.94,195.02,196.46,2179
1297,13/2/2008,2008-02-13,weekday_gap,warning,与上一交易日相隔 8 个日历日，其间有 5 个工作日缺失（可能为交易所假期或抓取缺口）。,211,214.5,208.19,208.19,1492
1334,7/4/2008,2008-04-07,weekday_gap,warning,与上一交易日相隔 4 个日历日，其间有 1 个工作日缺失（可能为交易所假期或抓取缺口）。,207,207,205,205.77,1201
1352,5/5/2008,2008-05-05,weekday_gap,warning,与上一交易日相隔 5 个日历日，其间有 2 个工作日缺失（可能为交易所假期或抓取缺口）。,197.35,197.35,194.61,194.97,1779
1377,10/6/2008,2008-06-10,weekday_gap,warning,与上一交易日相隔 4 个日历日，其间有 1 个工作日缺失（可能为交易所假期或抓取缺口）。,199,199,197.39,197.39,831
1446,16/9/2008,2008-09-16,weekday_gap,warning,与上一交易日相隔 4 个日历日，其间有 1 个工作日缺失（可能为交易所假期或抓取缺口）。,172,172,170.5,171.44,2107
1455,6/10/2008,2008-10-06,weekday_gap,warning,与上一交易日相隔 10 个日历日，其间有 5 个工作日缺失（可能为交易所假期或抓取缺口）。,183,184.35,182.8,183.17,980
1519,5/1/2009,2009-01-05,weekday_gap,warning,与上一交易日相隔 4 个日历日，其间有 1 个工作日缺失（可能为交易所假期或抓取缺口）。,193,193,191.25,192.1,2318
1534,2/2/2009,2009-02-02,weekday_gap,warning,与上一交易日相隔 10 个日历日，其间有 5 个工作日缺失（可能为交易所假期或抓取缺口）。,200.8,202.39,198.89,199.8,2300
1579,7/4/2009,2009-04-07,weekday_gap,warning,与上一交易日相隔 4 个日历日，其间有 1 个工作日缺失（可能为交易所假期或抓取缺口）。,194,194.1,193,194,2133
1597,4/5/2009,2009-05-04,weekday_gap,warning,与上一交易日相隔 4 个日历日，其间有 1 个工作日缺失（可能为交易所假期或抓取缺口）。,195.77,196.75,195.21,196.75,1182
1615,1/6/2009,2009-06-01,weekday_gap,warning,与上一交易日相隔 5 个日历日，其间有 2 个工作日缺失（可能为交易所假期或抓取缺口）。,214,216,213,215.69,2402
1703,9/10/2009,2009-10-09,weekday_gap,warning,与上一交易日相隔 9 个日历日，其间有 6 个工作日缺失（可能为交易所假期或抓取缺口）。,231,231,228.5,229,3226
1763,4/1/2010,2010-01-04,weekday_gap,warning,与上一交易日相隔 4 个日历日，其间有 1 个工作日缺失（可能为交易所假期或抓取缺口）。,242,244,241.9,243.9,2479
1793,22/2/2010,2010-02-22,weekday_gap,warning,与上一交易日相隔 10 个日历日，其间有 5 个工作日缺失（可能为交易所假期或抓取缺口）。,247.65,247.99,246.01,246.6,2753
1843,4/5/2010,2010-05-04,weekday_gap,warning,与上一交易日相隔 4 个日历日，其间有 1 个工作日缺失（可能为交易所假期或抓取缺口）。,258.68,259.5,258.1,258.1,1745.8
1872,15/6/2010,2010-06-15,weekday_gap,warning,与上一交易日相隔 4 个日历日，其间有 1 个工作日缺失（可能为交易所假期或抓取缺口）。,270.5,270.5,267.8,268.92,3309
1873,17/6/2010,2010-06-17,weekday_gap,warning,与上一交易日相隔 2 个日历日，其间有 1 个工作日缺失（可能为交易所假期或抓取缺口）。,273,273,270.7,271.5,1945
1942,27/9/2010,2010-09-27,weekday_gap,warning,与上一交易日相隔 6 个日历日，其间有 3 个工作日缺失（可能为交易所假期或抓取缺口）。,280,280.5,279,280.4,4533
1946,8/10/2010,2010-10-08,weekday_gap,warning,与上一交易日相隔 8 个日历日，其间有 5 个工作日缺失（可能为交易所假期或抓取缺口）。,287,287,285,285.8,2738
2007,4/1/2011,2011-01-04,weekday_gap,warning,与上一交易日相隔 4 个日历日，其间有 1 个工作日缺失（可能为交易所假期或抓取缺口）。,303.9,303.9,301.71,302.5,27526
2028,9/2/2011,2011-02-09,weekday_gap,warning,与上一交易日相隔 8 个日历日，其间有 5 个工作日缺失（可能为交易所假期或抓取缺口）。,290.99,290.99,289.02,290,34248
2067,6/4/2011,2011-04-06,weekday_gap,warning,与上一交易日相隔 2 个日历日，其间有 1 个工作日缺失（可能为交易所假期或抓取缺口）。,306.5,306.55,304,306.45,36934
2085,3/5/2011,2011-05-03,weekday_gap,warning,与上一交易日相隔 4 个日历日，其间有 1 个工作日缺失（可能为交易所假期或抓取缺口）。,316.2,323.9,316,322,25292
2109,7/6/2011,2011-06-07,weekday_gap,warning,与上一交易日相隔 4 个日历日，其间有 1 个工作日缺失（可能为交易所假期或抓取缺口）。,321.87,322.25,321.75,322.05,18662
2178,13/9/2011,2011-09-13,weekday_gap,warning,与上一交易日相隔 4 个日历日，其间有 1 个工作日缺失（可能为交易所假期或抓取缺口）。,379,379.95,376.5,377.53,44858
2192,10/10/2011,2011-10-10,weekday_gap,warning,与上一交易日相隔 10 个日历日，其间有 5 个工作日缺失（可能为交易所假期或抓取缺口）。,338.49,345,338.49,342.98,111142
2252,3/1/2012,2012-01-03,weekday_gap,warning,与上一交易日相隔 4 个日历日，其间有 1 个工作日缺失（可能为交易所假期或抓取缺口）。,320,320,320,320,20
2266,30/1/2012,2012-01-30,weekday_gap,warning,与上一交易日相隔 10 个日历日，其间有 5 个工作日缺失（可能为交易所假期或抓取缺口）。,355,355,351.01,351.1,74444
2311,4/4/2012,2012-04-04,weekday_gap,warning,与上一交易日相隔 5 个日历日，其间有 2 个工作日缺失（可能为交易所假期或抓取缺口）。,340,340,336,339.4,66646
2329,1/5/2012,2012-05-01,weekday_gap,warning,与上一交易日相隔 4 个日历日，其间有 1 个工作日缺失（可能为交易所假期或抓取缺口）。,336.98,336.98,335.99,336.1,42950
2339,17/5/2012,2012-05-17,weekday_gap,warning,与上一交易日相隔 3 个日历日，其间有 2 个工作日缺失（可能为交易所假期或抓取缺口）。,316,317.68,313.6,316.9,53728
2365,25/6/2012,2012-06-25,weekday_gap,warning,与上一交易日相隔 4 个日历日，其间有 1 个工作日缺失（可能为交易所假期或抓取缺口）。,328.53,328.53,323.12,323.15,72302
2435,8/10/2012,2012-10-08,weekday_gap,warning,与上一交易日相隔 10 个日历日，其间有 5 个工作日缺失（可能为交易所假期或抓取缺口）。,362,362,357.9,358.3,49220
2496,3/1/2013,2013-01-03,weekday_gap,warning,与上一交易日相隔 3 个日历日，其间有 2 个工作日缺失（可能为交易所假期或抓取缺口）。,333,333,333,333,10
2498,8/1/2013,2013-01-08,weekday_gap,warning,与上一交易日相隔 4 个日历日，其间有 1 个工作日缺失（可能为交易所假期或抓取缺口）。,333,333,330.7,331.5,92944
2522,18/2/2013,2013-02-18,weekday_gap,warning,与上一交易日相隔 10 个日历日，其间有 5 个工作日缺失（可能为交易所假期或抓取缺口）。,332.5,333.75,326.4,327.38,220240
2555,8/4/2013,2013-04-08,weekday_gap,warning,与上一交易日相隔 5 个日历日，其间有 2 个工作日缺失（可能为交易所假期或抓取缺口）。,318.99,318.99,315.52,316.6,99730
2570,1/5/2013,2013-05-01,weekday_gap,warning,与上一交易日相隔 5 个日历日，其间有 2 个工作日缺失（可能为交易所假期或抓取缺口）。,295,295,295,295,8
2588,28/5/2013,2013-05-28,weekday_gap,warning,与上一交易日相隔 4 个日历日，其间有 1 个工作日缺失（可能为交易所假期或抓取缺口）。,282,282,278.81,279.15,156406
2597,13/6/2013,2013-06-13,weekday_gap,warning,与上一交易日相隔 6 个日历日，其间有 3 个工作日缺失（可能为交易所假期或抓取缺口）。,281.09,281.09,276.86,277.99,188130
2667,23/9/2013,2013-09-23,weekday_gap,warning,与上一交易日相隔 5 个日历日，其间有 2 个工作日缺失（可能为交易所假期或抓取缺口）。,262.99,263.41,259.8,263.4,139522
2675,8/10/2013,2013-10-08,weekday_gap,warning,与上一交易日相隔 6 个日历日，其间有 3 个工作日缺失（可能为交易所假期或抓取缺口）。,265,265,262.5,263.2,227028
2736,2/1/2014,2014-01-02,weekday_gap,warning,与上一交易日相隔 2 个日历日，其间有 1 个工作日缺失（可能为交易所假期或抓取缺口）。,238.85,242.3,238.85,242.3,104000
2757,6/2/2014,2014-02-06,weekday_gap,warning,与上一交易日相隔 7 个日历日，其间有 4 个工作日缺失（可能为交易所假期或抓取缺口）。,247.37,247.37,246.15,246.4,15981
2817,5/5/2014,2014-05-05,weekday_gap,warning,与上一交易日相隔 5 个日历日，其间有 2 个工作日缺失（可能为交易所假期或抓取缺口）。,260.59,263.2,260.59,262.85,112320
2837,3/6/2014,2014-06-03,weekday_gap,warning,与上一交易日相隔 4 个日历日，其间有 1 个工作日缺失（可能为交易所假期或抓取缺口）。,252.8,252.8,250.15,250.85,108072
2906,9/9/2014,2014-09-09,weekday_gap,warning,与上一交易日相隔 4 个日历日，其间有 1 个工作日缺失（可能为交易所假期或抓取缺口）。,250.25,250.25,248.18,248.2,142776
2922,2/10/2014,2014-10-02,weekday_gap,warning,与上一交易日相隔 2 个日历日，其间有 1 个工作日缺失（可能为交易所假期或抓取缺口）。,242,242,241.08,241.24,144983.8
2923,8/10/2014,2014-10-08,weekday_gap,warning,与上一交易日相隔 6 个日历日，其间有 3 个工作日缺失（可能为交易所假期或抓取缺口）。,241,241.4,240,241.26,231535
2984,5/1/2015,2015-01-05,weekday_gap,warning,与上一交易日相隔 5 个日历日，其间有 2 个工作日缺失（可能为交易所假期或抓取缺口）。,240.6,240.68,238.8,240.55,215167
3016,25/2/2015,2015-02-25,weekday_gap,warning,与上一交易日相隔 8 个日历日，其间有 5 个工作日缺失（可能为交易所假期或抓取缺口）。,247.2,247.2,244,244.52,191944
3044,7/4/2015,2015-04-07,weekday_gap,warning,与上一交易日相隔 4 个日历日，其间有 1 个工作日缺失（可能为交易所假期或抓取缺口）。,241,241.97,241,241.45,173396
3062,4/5/2015,2015-05-04,weekday_gap,warning,与上一交易日相隔 4 个日历日，其间有 1 个工作日缺失（可能为交易所假期或抓取缺口）。,238,238,236.01,237,179368
3097,23/6/2015,2015-06-23,weekday_gap,warning,与上一交易日相隔 4 个日历日，其间有 1 个工作日缺失（可能为交易所假期或抓取缺口）。,237.6,237.6,236.75,237.38,400462
3149,7/9/2015,2015-09-07,weekday_gap,warning,与上一交易日相隔 5 个日历日，其间有 2 个工作日缺失（可能为交易所假期或抓取缺口）。,234.9,234.9,230.6,231,292600
3167,8/10/2015,2015-10-08,weekday_gap,warning,与上一交易日相隔 8 个日历日，其间有 5 个工作日缺失（可能为交易所假期或抓取缺口）。,230.5,235,230.5,235,172316
3228,4/1/2016,2016-01-04,weekday_gap,warning,与上一交易日相隔 4 个日历日，其间有 1 个工作日缺失（可能为交易所假期或抓取缺口）。,222.86,225,222.81,224.78,190575
3253,15/2/2016,2016-02-15,weekday_gap,warning,与上一交易日相隔 10 个日历日，其间有 5 个工作日缺失（可能为交易所假期或抓取缺口）。,250,259.95,245,253.7,184572
3288,5/4/2016,2016-04-05,weekday_gap,warning,与上一交易日相隔 4 个日历日，其间有 1 个工作日缺失（可能为交易所假期或抓取缺口）。,257,257,254.96,255.55,167818
3307,3/5/2016,2016-05-03,weekday_gap,warning,与上一交易日相隔 4 个日历日，其间有 1 个工作日缺失（可能为交易所假期或抓取缺口）。,267,270.8,266.35,270.7,111920
3334,13/6/2016,2016-06-13,weekday_gap,warning,与上一交易日相隔 5 个日历日，其间有 2 个工作日缺失（可能为交易所假期或抓取缺口）。,265.1,272.28,265.1,271.75,242566
3403,19/9/2016,2016-09-19,weekday_gap,warning,与上一交易日相隔 5 个日历日，其间有 2 个工作日缺失（可能为交易所假期或抓取缺口）。,285.1,285.1,282.2,283.8,256150
3413,10/10/2016,2016-10-10,weekday_gap,warning,与上一交易日相隔 10 个日历日，其间有 5 个工作日缺失（可能为交易所假期或抓取缺口）。,284.95,284.95,272,273.6,295067
3473,3/1/2017,2017-01-03,weekday_gap,warning,与上一交易日相隔 4 个日历日，其间有 1 个工作日缺失（可能为交易所假期或抓取缺口）。,264.04,265.2,258,263.65,249917
3491,3/2/2017,2017-02-03,weekday_gap,warning,与上一交易日相隔 8 个日历日，其间有 5 个工作日缺失（可能为交易所假期或抓取缺口）。,266.25,270.1,266.25,269.35,77498
3532,5/4/2017,2017-04-05,weekday_gap,warning,与上一交易日相隔 5 个日历日，其间有 2 个工作日缺失（可能为交易所假期或抓取缺口）。,277.81,280.7,277.81,280.6,163053
3550,2/5/2017,2017-05-02,weekday_gap,warning,与上一交易日相隔 4 个日历日，其间有 1 个工作日缺失（可能为交易所假期或抓取缺口）。,281.99,281.99,280.8,280.86,139369
3569,31/5/2017,2017-05-31,weekday_gap,warning,与上一交易日相隔 5 个日历日，其间有 2 个工作日缺失（可能为交易所假期或抓取缺口）。,280.35,280.35,278.81,279,135485
3645,15/9/2017,2017-09-15,weekday_gap,warning,与上一交易日相隔 2 个日历日，其间有 1 个工作日缺失（可能为交易所假期或抓取缺口）。,280.2,281.49,279.28,280.2,147739
3649,22/9/2017,2017-09-22,weekday_gap,warning,与上一交易日相隔 2 个日历日，其间有 1 个工作日缺失（可能为交易所假期或抓取缺口）。,277,277.39,275.5,277.38,126046
3653,28/9/2017,2017-09-28,weekday_gap,warning,与上一交易日相隔 2 个日历日，其间有 1 个工作日缺失（可能为交易所假期或抓取缺口）。,274.76,276.94,274.76,276.33,206076
3655,10/10/2017,2017-10-10,weekday_gap,warning,与上一交易日相隔 11 个日历日，其间有 6 个工作日缺失（可能为交易所假期或抓取缺口）。,277.8,277.8,275.1,275.1,178979
3656,12/10/2017,2017-10-12,weekday_gap,warning,与上一交易日相隔 2 个日历日，其间有 1 个工作日缺失（可能为交易所假期或抓取缺口）。,276.75,276.75,275.49,276.5,123803
3657,16/10/2017,2017-10-16,weekday_gap,warning,与上一交易日相隔 4 个日历日，其间有 1 个工作日缺失（可能为交易所假期或抓取缺口）。,278.5,278.5,276.2,276.75,125486
3658,18/10/2017,2017-10-18,weekday_gap,warning,与上一交易日相隔 2 个日历日，其间有 1 个工作日缺失（可能为交易所假期或抓取缺口）。,277.5,277.5,275.16,275.7,111701
3711,2/1/2018,2018-01-02,weekday_gap,warning,与上一交易日相隔 4 个日历日，其间有 1 个工作日缺失（可能为交易所假期或抓取缺口）。,274,275.6,274,275.3,192865
3743,22/2/2018,2018-02-22,weekday_gap,warning,与上一交易日相隔 8 个日历日，其间有 5 个工作日缺失（可能为交易所假期或抓取缺口）。,272,272,271,271.35,112941
3773,9/4/2018,2018-04-09,weekday_gap,warning,与上一交易日相隔 5 个日历日，其间有 2 个工作日缺失（可能为交易所假期或抓取缺口）。,272.2,272.2,271.35,271.5,177334
3788,2/5/2018,2018-05-02,weekday_gap,warning,与上一交易日相隔 5 个日历日，其间有 2 个工作日缺失（可能为交易所假期或抓取缺口）。,270.3,270.3,268.76,269.88,221030
3821,19/6/2018,2018-06-19,weekday_gap,warning,与上一交易日相隔 4 个日历日，其间有 1 个工作日缺失（可能为交易所假期或抓取缺口）。,268,268,266.8,267.9,144876
3890,25/9/2018,2018-09-25,weekday_gap,warning,与上一交易日相隔 4 个日历日，其间有 1 个工作日缺失（可能为交易所假期或抓取缺口）。,267.8,267.8,266,266.5,210600
3894,8/10/2018,2018-10-08,weekday_gap,warning,与上一交易日相隔 10 个日历日，其间有 5 个工作日缺失（可能为交易所假期或抓取缺口）。,268.49,268.49,264.6,266.98,221040
3954,2/1/2019,2019-01-02,weekday_gap,warning,与上一交易日相隔 5 个日历日，其间有 2 个工作日缺失（可能为交易所假期或抓取缺口）。,283.98,285.88,283.98,285.88,237823
3977,11/2/2019,2019-02-11,weekday_gap,warning,与上一交易日相隔 10 个日历日，其间有 5 个工作日缺失（可能为交易所假期或抓取缺口）。,286.51,287.8,286.51,287.45,67669
4016,8/4/2019,2019-04-08,weekday_gap,warning,与上一交易日相隔 4 个日历日，其间有 1 个工作日缺失（可能为交易所假期或抓取缺口）。,282.2,283.89,282.2,283.55,112630
4033,6/5/2019,2019-05-06,weekday_gap,warning,与上一交易日相隔 6 个日历日，其间有 3 个工作日缺失（可能为交易所假期或抓取缺口）。,283,283,281.8,281.8,122357
4057,10/6/2019,2019-06-10,weekday_gap,warning,与上一交易日相隔 4 个日历日，其间有 1 个工作日缺失（可能为交易所假期或抓取缺口）。,299.32,299.9,298.2,298.7,103348
4126,16/9/2019,2019-09-16,weekday_gap,warning,与上一交易日相隔 4 个日历日，其间有 1 个工作日缺失（可能为交易所假期或抓取缺口）。,344.9,346,343.8,344.72,108947
4137,8/10/2019,2019-10-08,weekday_gap,warning,与上一交易日相隔 8 个日历日，其间有 5 个工作日缺失（可能为交易所假期或抓取缺口）。,344.33,344.46,342.6,344,80623
4198,2/1/2020,2020-01-02,weekday_gap,warning,与上一交易日相隔 2 个日历日，其间有 1 个工作日缺失（可能为交易所假期或抓取缺口）。,341.95,343,340.8,341.9,244416
4214,3/2/2020,2020-02-03,weekday_gap,warning,与上一交易日相隔 11 个日历日，其间有 6 个工作日缺失（可能为交易所假期或抓取缺口）。,349,358,349,356.1,92986
4259,7/4/2020,2020-04-07,weekday_gap,warning,与上一交易日相隔 4 个日历日，其间有 1 个工作日缺失（可能为交易所假期或抓取缺口）。,370,377.48,370,371,113111
4277,6/5/2020,2020-05-06,weekday_gap,warning,与上一交易日相隔 6 个日历日，其间有 3 个工作日缺失（可能为交易所假期或抓取缺口）。,380.95,380.95,377.01,380.3,75888
4313,29/6/2020,2020-06-29,weekday_gap,warning,与上一交易日相隔 5 个日历日，其间有 2 个工作日缺失（可能为交易所假期或抓取缺口）。,399,399,397,397.2,122255
4381,9/10/2020,2020-10-09,weekday_gap,warning,与上一交易日相隔 9 个日历日，其间有 6 个工作日缺失（可能为交易所假期或抓取缺口）。,403.8,405.8,402.5,404.5,191072
4441,4/1/2021,2021-01-04,weekday_gap,warning,与上一交易日相隔 4 个日历日，其间有 1 个工作日缺失（可能为交易所假期或抓取缺口）。,397.48,399.5,396,398.15,192173
4469,18/2/2021,2021-02-18,weekday_gap,warning,与上一交易日相隔 8 个日历日，其间有 5 个工作日缺失（可能为交易所假期或抓取缺口）。,377.01,377.01,370.5,372.1,132908
4501,6/4/2021,2021-04-06,weekday_gap,warning,与上一交易日相隔 4 个日历日，其间有 1 个工作日缺失（可能为交易所假期或抓取缺口）。,368.5,368.5,365.8,366.4,83028
4521,6/5/2021,2021-05-06,weekday_gap,warning,与上一交易日相隔 3 个日历日，其间有 2 个工作日缺失（可能为交易所假期或抓取缺口）。,373,375.8,373,375.35,163674
4548,15/6/2021,2021-06-15,weekday_gap,warning,与上一交易日相隔 4 个日历日，其间有 1 个工作日缺失（可能为交易所假期或抓取缺口）。,383.2,383.2,379,381.81,124304
4617,22/9/2021,2021-09-22,weekday_gap,warning,与上一交易日相隔 5 个日历日，其间有 2 个工作日缺失（可能为交易所假期或抓取缺口）。,372,372.75,371,372.01,167082
4624,8/10/2021,2021-10-08,weekday_gap,warning,与上一交易日相隔 8 个日历日，其间有 5 个工作日缺失（可能为交易所假期或抓取缺口）。,367.19,367.43,365.9,365.9,254176
4685,4/1/2022,2022-01-04,weekday_gap,warning,与上一交易日相隔 4 个日历日，其间有 1 个工作日缺失（可能为交易所假期或抓取缺口）。,373,373,371,371.4,336474
4704,7/2/2022,2022-02-07,weekday_gap,warning,与上一交易日相隔 10 个日历日，其间有 5 个工作日缺失（可能为交易所假期或抓取缺口）。,369.47,371.54,369.47,371.35,119304
4744,6/4/2022,2022-04-06,weekday_gap,warning,与上一交易日相隔 5 个日历日，其间有 2 个工作日缺失（可能为交易所假期或抓取缺口）。,393.89,394.97,393,393.2,96743
4762,5/5/2022,2022-05-05,weekday_gap,warning,与上一交易日相隔 6 个日历日，其间有 3 个工作日缺失（可能为交易所假期或抓取缺口）。,403.51,404.19,402.05,402.7,63888
4783,6/6/2022,2022-06-06,weekday_gap,warning,与上一交易日相隔 4 个日历日，其间有 1 个工作日缺失（可能为交易所假期或抓取缺口）。,399.99,399.99,396.7,397,67787
4853,13/9/2022,2022-09-13,weekday_gap,warning,与上一交易日相隔 4 个日历日，其间有 1 个工作日缺失（可能为交易所假期或抓取缺口）。,389.5,390,389,389.59,98410
4867,10/10/2022,2022-10-10,weekday_gap,warning,与上一交易日相隔 10 个日历日，其间有 5 个工作日缺失（可能为交易所假期或抓取缺口）。,390,396.1,390,392.5,122798
4927,3/1/2023,2023-01-03,weekday_gap,warning,与上一交易日相隔 4 个日历日，其间有 1 个工作日缺失（可能为交易所假期或抓取缺口）。,411,412.5,409,412,169391
4941,30/1/2023,2023-01-30,weekday_gap,warning,与上一交易日相隔 10 个日历日，其间有 5 个工作日缺失（可能为交易所假期或抓取缺口）。,425,425,420,422.8,163032
4988,6/4/2023,2023-04-06,weekday_gap,warning,与上一交易日相隔 2 个日历日，其间有 1 个工作日缺失（可能为交易所假期或抓取缺口）。,446,446.9,445.6,446.7,97417
5005,4/5/2023,2023-05-04,weekday_gap,warning,与上一交易日相隔 6 个日历日，其间有 3 个工作日缺失（可能为交易所假期或抓取缺口）。,447.49,457,447.49,452.8,97308
5040,26/6/2023,2023-06-26,weekday_gap,warning,与上一交易日相隔 5 个日历日，其间有 2 个工作日缺失（可能为交易所假期或抓取缺口）。,449.9,449.9,448,449.3,140652
5109,9/10/2023,2023-10-09,weekday_gap,warning,与上一交易日相隔 11 个日历日，其间有 6 个工作日缺失（可能为交易所假期或抓取缺口）。,446,459,438,438,248124
5169,2/1/2024,2024-01-02,weekday_gap,warning,与上一交易日相隔 4 个日历日，其间有 1 个工作日缺失（可能为交易所假期或抓取缺口）。,480.8,483.8,480,483.6,203309
5198,19/2/2024,2024-02-19,weekday_gap,warning,与上一交易日相隔 10 个日历日，其间有 5 个工作日缺失（可能为交易所假期或抓取缺口）。,478.1,481.9,477.5,479.52,317025
5231,8/4/2024,2024-04-08,weekday_gap,warning,与上一交易日相隔 5 个日历日，其间有 2 个工作日缺失（可能为交易所假期或抓取缺口）。,537.5,560,537.5,554.08,252047
5248,6/5/2024,2024-05-06,weekday_gap,warning,与上一交易日相隔 6 个日历日，其间有 3 个工作日缺失（可能为交易所假期或抓取缺口）。,545.8,545.8,540,544.3,89447
5273,11/6/2024,2024-06-11,weekday_gap,warning,与上一交易日相隔 4 个日历日，其间有 1 个工作日缺失（可能为交易所假期或抓取缺口）。,545,548,541.88,543.95,107195
5342,18/9/2024,2024-09-18,weekday_gap,warning,与上一交易日相隔 5 个日历日，其间有 2 个工作日缺失（可能为交易所假期或抓取缺口）。,584.99,585,581.85,582,100075
5351,8/10/2024,2024-10-08,weekday_gap,warning,与上一交易日相隔 8 个日历日，其间有 5 个工作日缺失（可能为交易所假期或抓取缺口）。,592.01,601,592.01,593.4,114534
5412,2/1/2025,2025-01-02,weekday_gap,warning,与上一交易日相隔 2 个日历日，其间有 1 个工作日缺失（可能为交易所假期或抓取缺口）。,614,622.6,614,622,127458
5430,5/2/2025,2025-02-05,weekday_gap,warning,与上一交易日相隔 9 个日历日，其间有 6 个工作日缺失（可能为交易所假期或抓取缺口）。,669.21,669.78,660.5,667.87,933
5472,9/4/2025,2025-04-09,weekday_gap,warning,与上一交易日相隔 6 个日历日，其间有 3 个工作日缺失（可能为交易所假期或抓取缺口）。,718,729,713,728.5,1905500
5488,6/5/2025,2025-05-06,weekday_gap,warning,与上一交易日相隔 6 个日历日，其间有 3 个工作日缺失（可能为交易所假期或抓取缺口）。,785,797.5,785,792.2,1269400
5507,3/6/2025,2025-06-03,weekday_gap,warning,与上一交易日相隔 4 个日历日，其间有 1 个工作日缺失（可能为交易所假期或抓取缺口）。,786.5,786.5,776,778.55,663818
5593,9/10/2025,2025-10-09,weekday_gap,warning,与上一交易日相隔 9 个日历日，其间有 6 个工作日缺失（可能为交易所假期或抓取缺口）。,917.9,918.8,902,911.5,1559500
5653,5/1/2026,2026-01-05,weekday_gap,warning,与上一交易日相隔 5 个日历日，其间有 2 个工作日缺失（可能为交易所假期或抓取缺口）。,990,996,987.01,993.98,1872000
5683,18/2/2026,2026-02-18,weekday_gap,warning,与上一交易日相隔 5 个日历日，其间有 2 个工作日缺失（可能为交易所假期或抓取缺口）。,1124,1127,1092,1109,594338
5684,24/2/2026,2026-02-24,weekday_gap,warning,与上一交易日相隔 6 个日历日，其间有 3 个工作日缺失（可能为交易所假期或抓取缺口）。,1155,1158,1138.3,1147.66,865414
5713,7/4/2026,2026-04-07,weekday_gap,warning,与上一交易日相隔 4 个日历日，其间有 1 个工作日缺失（可能为交易所假期或抓取缺口）。,1032,1035,1026,1028,581218
5731,6/5/2026,2026-05-06,weekday_gap,warning,与上一交易日相隔 6 个日历日，其间有 3 个工作日缺失（可能为交易所假期或抓取缺口）。,1017,1027,1014.04,1027,421474
5763,22/6/2026,2026-06-22,weekday_gap,warning,与上一交易日相隔 4 个日历日，其间有 1 个工作日缺失（可能为交易所假期或抓取缺口）。,917.5,920,908.01,913.8,577212
796,3/2/2006,2006-02-03,large_close_change_warning,warning,close 单日变化 -22.34%，属于极端变化警告，不自动判定为错误。,112.6,112.6,111.83,111.83,266
797,6/2/2006,2006-02-06,large_close_change_warning,warning,close 单日变化 32.16%，属于极端变化警告，不自动判定为错误。,148,148.08,147.69,147.8,447
864,8/5/2006,2006-05-08,large_close_change_warning,warning,close 单日变化 6.86%，属于极端变化警告，不自动判定为错误。,175.8,175.99,175.36,175.66,610
874,22/5/2006,2006-05-22,large_close_change_warning,warning,close 单日变化 -6.04%，属于极端变化警告，不自动判定为错误。,169.5,169.5,165.35,166.64,667
1448,18/9/2008,2008-09-18,large_close_change_warning,warning,close 单日变化 9.89%，属于极端变化警告，不自动判定为错误。,173.99,196,173.1,191.19,3390
1460,13/10/2008,2008-10-13,large_close_change_warning,warning,close 单日变化 -6.22%，属于极端变化警告，不自动判定为错误。,197.5,197.5,188.8,189.8,3237
1534,2/2/2009,2009-02-02,large_close_change_warning,warning,close 单日变化 6.06%，属于极端变化警告，不自动判定为错误。,200.8,202.39,198.89,199.8,2300
2187,26/9/2011,2011-09-26,large_close_change_warning,warning,close 单日变化 -8.89%，属于极端变化警告，不自动判定为错误。,351,351,322,328,77290
2560,15/4/2013,2013-04-15,large_close_change_warning,warning,close 单日变化 -7.02%，属于极端变化警告，不自动判定为错误。,305,305,285.6,289.9,178240
4345,12/8/2020,2020-08-12,large_close_change_warning,warning,close 单日变化 -6.05%，属于极端变化警告，不自动判定为错误。,415.27,428.5,401.4,406.8,137024
5672,30/1/2026,2026-01-30,large_close_change_warning,warning,close 单日变化 -6.36%，属于极端变化警告，不自动判定为错误。,1247.9,1248.5,1148.01,1164,2207300
5673,2/2/2026,2026-02-02,large_close_change_warning,warning,close 单日变化 -11.51%，属于极端变化警告，不自动判定为错误。,1153,1157,998,1030,2713600
5674,3/2/2026,2026-02-03,large_close_change_warning,warning,close 单日变化 6.50%，属于极端变化警告，不自动判定为错误。,1070,1100,1040,1097,2487400
5703,23/3/2026,2026-03-23,large_close_change_warning,warning,close 单日变化 -11.30%，属于极端变化警告，不自动判定为错误。,1040,1046,911,923.9,1718900
5704,24/3/2026,2026-03-24,large_close_change_warning,warning,close 单日变化 6.05%，属于极端变化警告，不自动判定为错误。,965,999,953.2,979.8,1812300
13,15/11/2002,2002-11-15,large_volume_change_warning,warning,volume_kg 单日变化 3966.67%，属于极端变化警告，不自动判定为错误。,85,85.01,85,85,122
44,2/1/2003,2003-01-02,large_volume_change_warning,warning,volume_kg 单日变化 3250.00%，属于极端变化警告，不自动判定为错误。,93,93,92.8,92.87,201
58,22/1/2003,2003-01-22,large_volume_change_warning,warning,volume_kg 单日变化 -93.58%，属于极端变化警告，不自动判定为错误。,97.5,97.5,97.34,97.41,7
59,23/1/2003,2003-01-23,large_volume_change_warning,warning,volume_kg 单日变化 685.71%，属于极端变化警告，不自动判定为错误。,98.48,98.5,97.65,97.69,55
71,19/2/2003,2003-02-19,large_volume_change_warning,warning,volume_kg 单日变化 684.62%，属于极端变化警告，不自动判定为错误。,93,93.59,93,93.43,306
136,26/5/2003,2003-05-26,large_volume_change_warning,warning,volume_kg 单日变化 586.67%，属于极端变化警告，不自动判定为错误。,97.4,97.65,97.4,97.59,103
153,18/6/2003,2003-06-18,large_volume_change_warning,warning,volume_kg 单日变化 636.36%，属于极端变化警告，不自动判定为错误。,96.9,96.9,96.4,96.43,81
211,9/9/2003,2003-09-09,large_volume_change_warning,warning,volume_kg 单日变化 710.00%，属于极端变化警告，不自动判定为错误。,99.9,100.44,99.9,100.36,81
234,21/10/2003,2003-10-21,large_volume_change_warning,warning,volume_kg 单日变化 614.29%，属于极端变化警告，不自动判定为错误。,100,100.19,99.98,100,100
264,2/12/2003,2003-12-02,large_volume_change_warning,warning,volume_kg 单日变化 -93.94%，属于极端变化警告，不自动判定为错误。,107,107,106.65,106.83,10
265,3/12/2003,2003-12-03,large_volume_change_warning,warning,volume_kg 单日变化 1740.00%，属于极端变化警告，不自动判定为错误。,107.19,107.59,107.16,107.38,184
452,6/9/2004,2004-09-06,large_volume_change_warning,warning,volume_kg 单日变化 807.69%，属于极端变化警告，不自动判定为错误。,107.5,107.59,107.34,107.55,236
492,8/11/2004,2004-11-08,large_volume_change_warning,warning,volume_kg 单日变化 1328.57%，属于极端变化警告，不自动判定为错误。,114.19,114.58,113.75,113.75,5000
493,9/11/2004,2004-11-09,large_volume_change_warning,warning,volume_kg 单日变化 -93.36%，属于极端变化警告，不自动判定为错误。,114.69,114.98,114.69,114.83,332
534,6/1/2005,2005-01-06,large_volume_change_warning,warning,volume_kg 单日变化 740.00%，属于极端变化警告，不自动判定为错误。,114.5,114.5,114.36,114.37,4368
578,18/3/2005,2005-03-18,large_volume_change_warning,warning,volume_kg 单日变化 545.97%，属于极端变化警告，不自动判定为错误。,117.5,117.8,117.4,117.73,2726
748,25/11/2005,2005-11-25,large_volume_change_warning,warning,volume_kg 单日变化 110588.41%，属于极端变化警告，不自动判定为错误。,128.5,128.5,127.8,128.47,611000
750,29/11/2005,2005-11-29,large_volume_change_warning,warning,volume_kg 单日变化 -99.96%，属于极端变化警告，不自动判定为错误。,129.39,130,129.39,129.5,196
1888,8/7/2010,2010-07-08,large_volume_change_warning,warning,volume_kg 单日变化 551.11%，属于极端变化警告，不自动判定为错误。,261.5,263.6,260.5,263.2,15848
1958,26/10/2010,2010-10-26,large_volume_change_warning,warning,volume_kg 单日变化 -93.74%，属于极端变化警告，不自动判定为错误。,291.5,291.5,287.49,287.9,232
1959,27/10/2010,2010-10-27,large_volume_change_warning,warning,volume_kg 单日变化 922.41%，属于极端变化警告，不自动判定为错误。,288.9,288.9,286.25,287.2,2372
1980,25/11/2010,2010-11-25,large_volume_change_warning,warning,volume_kg 单日变化 631.95%，属于极端变化警告，不自动判定为错误。,297.8,297.8,295,295.4,2891.2
1983,30/11/2010,2010-11-30,large_volume_change_warning,warning,volume_kg 单日变化 881.54%，属于极端变化警告，不自动判定为错误。,295.3,295.3,293.4,295,3190
1991,10/12/2010,2010-12-10,large_volume_change_warning,warning,volume_kg 单日变化 1374.39%，属于极端变化警告，不自动判定为错误。,298.8,299.48,297.01,299.39,47788
2058,23/3/2011,2011-03-23,large_volume_change_warning,warning,volume_kg 单日变化 674.46%，属于极端变化警告，不自动判定为错误。,302.8,303,301.56,302.8,51122
2066,4/4/2011,2011-04-04,large_volume_change_warning,warning,volume_kg 单日变化 -99.00%，属于极端变化警告，不自动判定为错误。,302.18,303.28,302.18,302.7,721
2067,6/4/2011,2011-04-06,large_volume_change_warning,warning,volume_kg 单日变化 5022.61%，属于极端变化警告，不自动判定为错误。,306.5,306.55,304,306.45,36934
2252,3/1/2012,2012-01-03,large_volume_change_warning,warning,volume_kg 单日变化 -99.97%，属于极端变化警告，不自动判定为错误。,320,320,320,320,20
2253,4/1/2012,2012-01-04,large_volume_change_warning,warning,volume_kg 单日变化 642670.00%，属于极端变化警告，不自动判定为错误。,328.45,328.78,325.6,328.78,128554
2496,3/1/2013,2013-01-03,large_volume_change_warning,warning,volume_kg 单日变化 -99.97%，属于极端变化警告，不自动判定为错误。,333,333,333,333,10
2497,4/1/2013,2013-01-04,large_volume_change_warning,warning,volume_kg 单日变化 930780.00%，属于极端变化警告，不自动判定为错误。,334.99,334.99,330.9,331.5,93088
2522,18/2/2013,2013-02-18,large_volume_change_warning,warning,volume_kg 单日变化 614.37%，属于极端变化警告，不自动判定为错误。,332.5,333.75,326.4,327.38,220240
2570,1/5/2013,2013-05-01,large_volume_change_warning,warning,volume_kg 单日变化 -100.00%，属于极端变化警告，不自动判定为错误。,295,295,295,295,8
2571,2/5/2013,2013-05-02,large_volume_change_warning,warning,volume_kg 单日变化 2976300.00%，属于极端变化警告，不自动判定为错误。,296.5,296.57,292.25,294.59,238112
2758,7/2/2014,2014-02-07,large_volume_change_warning,warning,volume_kg 单日变化 1354.33%，属于极端变化警告，不自动判定为错误。,247.49,248.5,246.4,248.2,232417
2799,7/4/2014,2014-04-07,large_volume_change_warning,warning,volume_kg 单日变化 -100.00%，属于极端变化警告，不自动判定为错误。,258,258,258,258,4
2800,8/4/2014,2014-04-08,large_volume_change_warning,warning,volume_kg 单日变化 2890650.00%，属于极端变化警告，不自动判定为错误。,257.64,261.3,257.58,261,115630
3349,2/7/2016,2016-07-02,large_volume_change_warning,warning,volume_kg 单日变化 -96.88%，属于极端变化警告，不自动判定为错误。,285,287.35,281,286.72,5783
3350,4/7/2016,2016-07-04,large_volume_change_warning,warning,volume_kg 单日变化 2907.40%，属于极端变化警告，不自动判定为错误。,285,291.25,281,289.35,173918
5430,5/2/2025,2025-02-05,large_volume_change_warning,warning,volume_kg 单日变化 -98.54%，属于极端变化警告，不自动判定为错误。,669.21,669.78,660.5,667.87,933
5451,6/3/2025,2025-03-06,large_volume_change_warning,warning,volume_kg 单日变化 80007.65%，属于极端变化警告，不自动判定为错误。,681,681.8,677,679.2,848340
2,30/10/2002,2002-10-30,extreme_intraday_range,warning,日内振幅 (high-low)/close = 12.42%，属于极端日内振幅警告，需人工复核。,83.98,92.37,82,83.51,352
483,26/10/2004,2004-10-26,extreme_intraday_range,warning,日内振幅 (high-low)/close = 8.38%，属于极端日内振幅警告，需人工复核。,103.8,113.27,103.8,113,492
573,11/3/2005,2005-03-11,extreme_intraday_range,warning,日内振幅 (high-low)/close = 8.20%，属于极端日内振幅警告，需人工复核。,108.19,117.83,108.19,117.63,492
764,19/12/2005,2005-12-19,extreme_intraday_range,warning,日内振幅 (high-low)/close = 5.39%，属于极端日内振幅警告，需人工复核。,132,132.8,125.66,132.38,1595
891,14/6/2006,2006-06-14,extreme_intraday_range,warning,日内振幅 (high-low)/close = 6.42%，属于极端日内振幅警告，需人工复核。,150,151.8,142.5,144.94,847
893,16/6/2006,2006-06-16,extreme_intraday_range,warning,日内振幅 (high-low)/close = 7.10%，属于极端日内振幅警告，需人工复核。,147.69,158,147.3,150.69,341
1323,20/3/2008,2008-03-20,extreme_intraday_range,warning,日内振幅 (high-low)/close = 7.02%，属于极端日内振幅警告，需人工复核。,223,223,208,213.6,5769
1422,12/8/2008,2008-08-12,extreme_intraday_range,warning,日内振幅 (high-low)/close = 6.88%，属于极端日内振幅警告，需人工复核。,190.27,190.27,177.89,180,2683
1448,18/9/2008,2008-09-18,extreme_intraday_range,warning,日内振幅 (high-low)/close = 11.98%，属于极端日内振幅警告，需人工复核。,173.99,196,173.1,191.19,3390
1449,19/9/2008,2008-09-19,extreme_intraday_range,warning,日内振幅 (high-low)/close = 6.75%，属于极端日内振幅警告，需人工复核。,191,197.5,185,185.07,2490
1468,23/10/2008,2008-10-23,extreme_intraday_range,warning,日内振幅 (high-low)/close = 6.07%，属于极端日内振幅警告，需人工复核。,169,170.39,160.5,162.89,5349
1474,31/10/2008,2008-10-31,extreme_intraday_range,warning,日内振幅 (high-low)/close = 5.52%，属于极端日内振幅警告，需人工复核。,171.05,171.05,162,164,3942
2166,25/8/2011,2011-08-25,extreme_intraday_range,warning,日内振幅 (high-low)/close = 7.50%，属于极端日内振幅警告，需人工复核。,386,386,358.9,361.1,71354
2181,16/9/2011,2011-09-16,extreme_intraday_range,warning,日内振幅 (high-low)/close = 5.45%，属于极端日内振幅警告，需人工复核。,374.98,374.98,354.98,366.85,75856
2187,26/9/2011,2011-09-26,extreme_intraday_range,warning,日内振幅 (high-low)/close = 8.84%，属于极端日内振幅警告，需人工复核。,351,351,322,328,77290
2293,7/3/2012,2012-03-07,extreme_intraday_range,warning,日内振幅 (high-low)/close = 5.87%，属于极端日内振幅警告，需人工复核。,360,360,340,340.8,52198
2560,15/4/2013,2013-04-15,extreme_intraday_range,warning,日内振幅 (high-low)/close = 6.69%，属于极端日内振幅警告，需人工复核。,305,305,285.6,289.9,178240
2561,16/4/2013,2013-04-16,extreme_intraday_range,warning,日内振幅 (high-low)/close = 9.72%，属于极端日内振幅警告，需人工复核。,289.9,289.9,263.2,274.7,217164
2620,16/7/2013,2013-07-16,extreme_intraday_range,warning,日内振幅 (high-low)/close = 7.53%，属于极端日内振幅警告，需人工复核。,259.7,277.5,258,259.1,126752
2732,26/12/2013,2013-12-26,extreme_intraday_range,warning,日内振幅 (high-low)/close = 5.64%，属于极端日内振幅警告，需人工复核。,239.38,252,238.5,239.28,91974
2733,27/12/2013,2013-12-27,extreme_intraday_range,warning,日内振幅 (high-low)/close = 30.76%，属于极端日内振幅警告，需人工复核。,239.9,241.47,167.5,240.5,121466
3110,10/7/2015,2015-07-10,extreme_intraday_range,warning,日内振幅 (high-low)/close = 5.59%，属于极端日内振幅警告，需人工复核。,232.64,233.02,220.01,232.88,277575
3157,17/9/2015,2015-09-17,extreme_intraday_range,warning,日内振幅 (high-low)/close = 22.70%，属于极端日内振幅警告，需人工复核。,229.49,280,227.69,230.44,284246
3190,10/11/2015,2015-11-10,extreme_intraday_range,warning,日内振幅 (high-low)/close = 9.01%，属于极端日内振幅警告，需人工复核。,225.45,244,223.8,224.25,268600
3253,15/2/2016,2016-02-15,extreme_intraday_range,warning,日内振幅 (high-low)/close = 5.89%，属于极端日内振幅警告，需人工复核。,250,259.95,245,253.7,184572
3264,1/3/2016,2016-03-01,extreme_intraday_range,warning,日内振幅 (high-low)/close = 31.21%，属于极端日内振幅警告，需人工复核。,258,262.7,181.2,261.12,152116
3343,24/6/2016,2016-06-24,extreme_intraday_range,warning,日内振幅 (high-low)/close = 5.72%，属于极端日内振幅警告，需人工复核。,268.2,283.5,267.4,281.45,254708
3538,13/4/2017,2017-04-13,extreme_intraday_range,warning,日内振幅 (high-low)/close = 5.58%，属于极端日内振幅警告，需人工复核。,285.58,300,284,286.78,174139
3563,19/5/2017,2017-05-19,extreme_intraday_range,warning,日内振幅 (high-low)/close = 7.09%，属于极端日内振幅警告，需人工复核。,298,298,278.21,279.11,118618
4097,5/8/2019,2019-08-05,extreme_intraday_range,warning,日内振幅 (high-low)/close = 5.81%，属于极端日内振幅警告，需人工复核。,323.3,332.6,313.33,331.9,130858
4149,24/10/2019,2019-10-24,extreme_intraday_range,warning,日内振幅 (high-low)/close = 17.05%，属于极端日内振幅警告，需人工复核。,285,343,285,340.2,68459
4243,13/3/2020,2020-03-13,extreme_intraday_range,warning,日内振幅 (high-low)/close = 5.62%，属于极端日内振幅警告，需人工复核。,369,369,348.98,356.2,113793
4250,24/3/2020,2020-03-24,extreme_intraday_range,warning,日内振幅 (high-low)/close = 5.60%，属于极端日内振幅警告，需人工复核。,343,358.96,339,356.6,122622
4345,12/8/2020,2020-08-12,extreme_intraday_range,warning,日内振幅 (high-low)/close = 6.66%，属于极端日内振幅警告，需人工复核。,415.27,428.5,401.4,406.8,137024
4415,26/11/2020,2020-11-26,extreme_intraday_range,warning,日内振幅 (high-low)/close = 27.01%，属于极端日内振幅警告，需人工复核。,379.9,380.7,278.39,378.85,97084
4540,2/6/2021,2021-06-02,extreme_intraday_range,warning,日内振幅 (high-low)/close = 13.02%，属于极端日内振幅警告，需人工复核。,391.9,393.5,343,388,97202
4626,12/10/2021,2021-10-12,extreme_intraday_range,warning,日内振幅 (high-low)/close = 24.71%，属于极端日内振幅警告，需人工复核。,367,367.79,276.99,367.4,116647
4681,28/12/2021,2021-12-28,extreme_intraday_range,warning,日内振幅 (high-low)/close = 31.57%，属于极端日内振幅警告，需人工复核。,378.8,378.8,260.88,373.55,99953
4683,30/12/2021,2021-12-30,extreme_intraday_range,warning,日内振幅 (high-low)/close = 24.65%，属于极端日内振幅警告，需人工复核。,360.8,371.1,280.01,369.6,165969
4695,18/1/2022,2022-01-18,extreme_intraday_range,warning,日内振幅 (high-low)/close = 19.62%，属于极端日内振幅警告，需人工复核。,371,372.9,300,371.5,178481
4707,10/2/2022,2022-02-10,extreme_intraday_range,warning,日内振幅 (high-low)/close = 26.94%，属于极端日内振幅警告，需人工复核。,374.95,376.3,275.05,375.8,74967
4831,11/8/2022,2022-08-11,extreme_intraday_range,warning,日内振幅 (high-low)/close = 14.46%，属于极端日内振幅警告，需人工复核。,387.09,392.45,336.2,388.95,105539
4886,4/11/2022,2022-11-04,extreme_intraday_range,warning,日内振幅 (high-low)/close = 6.83%，属于极端日内振幅警告，需人工复核。,390.48,392.82,366.01,392.7,73181
4976,20/3/2023,2023-03-20,extreme_intraday_range,warning,日内振幅 (high-low)/close = 7.53%，属于极端日内振幅警告，需人工复核。,433,466.72,433,447.8,141638
4977,21/3/2023,2023-03-21,extreme_intraday_range,warning,日内振幅 (high-low)/close = 5.65%，属于极端日内振幅警告，需人工复核。,449,449,424.09,441.1,122564
5025,1/6/2023,2023-06-01,extreme_intraday_range,warning,日内振幅 (high-low)/close = 6.85%，属于极端日内振幅警告，需人工复核。,479.94,479.94,449.15,449.23,54736
5070,7/8/2023,2023-08-07,extreme_intraday_range,warning,日内振幅 (high-low)/close = 8.86%，属于极端日内振幅警告，需人工复核。,494.3,494.3,454,454.85,85213
5157,14/12/2023,2023-12-14,extreme_intraday_range,warning,日内振幅 (high-low)/close = 6.57%，属于极端日内振幅警告，需人工复核。,467.5,498,466.8,475.1,99622
5482,23/4/2025,2025-04-23,extreme_intraday_range,warning,日内振幅 (high-low)/close = 6.16%，属于极端日内振幅警告，需人工复核。,829,829,780.55,787,2724900
5630,1/12/2025,2025-12-01,extreme_intraday_range,warning,日内振幅 (high-low)/close = 21.47%，属于极端日内振幅警告，需人工复核。,946.2,962.2,756.4,958.5,865738
5670,28/1/2026,2026-01-28,extreme_intraday_range,warning,日内振幅 (high-low)/close = 13.16%，属于极端日内振幅警告，需人工复核。,1142,1185.9,1030,1185,2485900
5671,29/1/2026,2026-01-29,extreme_intraday_range,warning,日内振幅 (high-low)/close = 6.28%，属于极端日内振幅警告，需人工复核。,1180.5,1256,1178,1243.01,2872200
5672,30/1/2026,2026-01-30,extreme_intraday_range,warning,日内振幅 (high-low)/close = 8.63%，属于极端日内振幅警告，需人工复核。,1247.9,1248.5,1148.01,1164,2207300
5673,2/2/2026,2026-02-02,extreme_intraday_range,warning,日内振幅 (high-low)/close = 15.44%，属于极端日内振幅警告，需人工复核。,1153,1157,998,1030,2713600
5674,3/2/2026,2026-02-03,extreme_intraday_range,warning,日内振幅 (high-low)/close = 5.47%，属于极端日内振幅警告，需人工复核。,1070,1100,1040,1097,2487400
5675,4/2/2026,2026-02-04,extreme_intraday_range,warning,日内振幅 (high-low)/close = 9.51%，属于极端日内振幅警告，需人工复核。,1100,1198.5,1090,1140.9,1888200
5676,5/2/2026,2026-02-05,extreme_intraday_range,warning,日内振幅 (high-low)/close = 5.60%，属于极端日内振幅警告，需人工复核。,1139,1140,1078,1107.79,1448700
5678,9/2/2026,2026-02-09,extreme_intraday_range,warning,日内振幅 (high-low)/close = 7.35%，属于极端日内振幅警告，需人工复核。,1090,1132,1050,1116,965654
5701,19/3/2026,2026-03-19,extreme_intraday_range,warning,日内振幅 (high-low)/close = 11.67%，属于极端日内振幅警告，需人工复核。,1095,1181,1057,1062.49,968354
5702,20/3/2026,2026-03-20,extreme_intraday_range,warning,日内振幅 (high-low)/close = 12.77%，属于极端日内振幅警告，需人工复核。,1140,1140,1007,1041.59,1337700
5703,23/3/2026,2026-03-23,extreme_intraday_range,warning,日内振幅 (high-low)/close = 14.61%，属于极端日内振幅警告，需人工复核。,1040,1046,911,923.9,1718900
5705,25/3/2026,2026-03-25,extreme_intraday_range,warning,日内振幅 (high-low)/close = 6.29%，属于极端日内振幅警告，需人工复核。,980,1028.99,965.1,1015.5,1354300
5711,2/4/2026,2026-04-02,extreme_intraday_range,warning,日内振幅 (high-low)/close = 8.27%，属于极端日内振幅警告，需人工复核。,1060,1095,1010,1027.5,734540
